{
  "accuracy": 0.715,
  "precision": 0.7862068965517242,
  "recall": 0.8142857142857143,
  "f1": 0.8,
  "roc_auc": 0.7673809523809523
}